id;full_name;email;gender;country
1;Garrott Oran;goran0@cisco.com;Agender;Cuba
2;Basia Summerside;bsummerside1@pen.io;Female;Poland
3;Wilma Rosendall;wrosendall2@wordpress.com;Female;Brazil
4;Glynn Dosdell;gdosdell3@aboutads.info;Non-binary;Libya
5;Currey Tarbath;ctarbath4@edublogs.org;Male;Portugal
6;Cristie Dagon;cdagon5@techcrunch.com;Female;China
7;Freddi Durward;fdurward6@opensource.org;Female;Colombia
8;Benedikt Heal;bheal7@google.it;Male;Georgia
9;Milt O'Hanlon;mohanlon8@yolasite.com;Male;Guinea-Bissau
10;Bengt Shewsmith;bshewsmith9@arstechnica.com;Male;Philippines
11;Alfy MacConnulty;amacconnultya@si.edu;Bigender;Indonesia
12;Darsey Dassindale;ddassindaleb@51.la;Female;Madagascar
13;Annamaria McCromley;amccromleyc@ebay.co.uk;Female;France
14;Ardelle Hurn;ahurnd@drupal.org;Female;Greece
15;Benedict Burchfield;bburchfielde@sourceforge.net;Male;Indonesia
16;Isadore Stear;istearf@reddit.com;Male;Portugal
17;Galvin Havik;ghavikg@wired.com;Genderqueer;Panama
18;Carmon Brierley;cbrierleyh@narod.ru;Genderfluid;Russia
19;Felizio Hickford;fhickfordi@auda.org.au;Male;Portugal
20;Nicolai Beare;nbearej@dell.com;Non-binary;China
21;Annabell Cammoile;acammoilek@virginia.edu;Female;Philippines
22;Donn Rontree;drontreel@nps.gov;Male;Poland
23;Cordelia Playfair;cplayfairm@dagondesign.com;Female;France
24;Gabie Airlie;gairlien@t.co;Male;Ukraine
25;Kathlin Eagan;keagano@behance.net;Female;Vietnam
